1.64,
1.64,
1.64,
1.63,
1.62,
1.61,
1.60,
1.59,
1.58,
1.56,
1.54,
1.52,
1.49,
1.47,
1.45,
1.43,
1.41,
1.39,
1.37,
1.35,
1.33,
1.31,
1.30,
1.29,
1.29,
1.28,
1.27,
1.26,
1.26,
1.27,
1.27,
1.28,
1.29,
1.29,
1.30,
1.31,
1.32,
1.34,
1.37,
1.39,
1.41,
1.43,
1.45,
1.46,
1.48,
1.50,
1.52,
1.53,
1.55,
1.57,
1.58,
1.58,
1.59,
1.60,
1.60,
1.60,
1.60,
1.59,
1.58,
1.57,
1.57,
1.56,
1.55,
1.53,
1.52,
1.49,
1.47,
1.44,
1.42,
1.40,
1.39,
1.36,
1.34,
1.32,
1.30,
1.29,
1.27,
1.26,
1.25,
1.25,
1.24,
1.23,
1.22,
1.23,
1.23,
1.24,
0.00,
-1
,
-1
,
1.43,
1.41,
1.39,
1.37,
1.35,
1.33,
1.31,
1.30,
1.28,
1.28,
1.27,
1.26,
1.25,
1.25,
1.25,
1.25,
1.26,
1.27,
1.27,
1.28,
1.29,
1.30,
1.32,
1.34,
1.36,
1.39,
1.41,
1.42,
1.44,
1.46,
1.48,
1.50,
1.51,
1.52,
1.54,
1.56,
1.56,
1.57,
1.58,
1.58,
1.59,
1.59,
1.58,
1.57,
1.56,
1.56,
1.55,
1.54,
1.52,
1.51,
1.49,
1.46,
1.44,
1.41,
1.40,
1.38,
1.36,
1.34,
1.31,
1.30,
1.28,
1.26,
1.25,
1.24,
1.23,
1.22,
1.21,
1.21,
1.21,
1.21,
1.22,
1.22,
1.23,
1.24,
1.25,
1.26,
1.27,
1.29,
1.31,
1.33,
1.36,
1.38,
1.39,
1.41,
1.43,
1.45,
1.46,
1.48,
1.50,
1.52,
1.52,
1.53,
1.53,
1.54,
1.55,
1.55,
1.55,
1.54,
1.53,
0.00,
-1
,
-1
,
1.43,
1.45,
1.47,
1.49,
1.51,
1.52,
1.54,
1.55,
1.56,
1.57,
1.57,
1.58,
1.59,
1.59,
1.59,
1.58,
1.57,
1.56,
1.55,
1.54,
1.53,
1.52,
1.50,
1.47,
1.45,
1.42,
1.40,
1.39,
1.37,
1.35,
1.32,
1.30,
1.29,
1.27,
1.25,
1.24,
1.23,
1.23,
1.22,
1.21,
1.21,
1.21,
1.21,
1.22,
1.23,
1.23,
1.24,
1.25,
1.26,
1.28,
1.30,
1.32,
1.34,
1.36,
1.38,
1.39,
1.41,
1.43,
1.45,
1.47,
1.49,
1.50,
1.52,
1.52,
1.53,
1.53,
1.54,
1.54,
1.55,
1.54,
1.53,
1.52,
1.52,
1.51,
1.50,
1.48,
1.47,
1.44,
1.42,
1.39,
1.37,
1.35,
1.33,
1.31,
1.29,
1.27,
1.25,
1.23,
1.22,
1.20,
1.19,
1.18,
1.17,
1.17,
1.16,
1.16,
1.17,
1.17,
1.18,
0.00,
-1
,
-1
,
1.45,
1.43,
1.41,
1.39,
1.37,
1.34,
1.33,
1.31,
1.30,
1.30,
1.29,
1.28,
1.28,
1.27,
1.28,
1.28,
1.29,
1.30,
1.30,
1.31,
1.32,
1.33,
1.35,
1.38,
1.40,
1.42,
1.44,
1.46,
1.47,
1.50,
1.52,
1.53,
1.55,
1.56,
1.58,
1.59,
1.60,
1.60,
1.61,
1.62,
1.62,
1.61,
1.60,
1.60,
1.59,
1.58,
1.57,
1.56,
1.54,
1.52,
1.50,
1.47,
1.45,
1.43,
1.41,
1.39,
1.37,
1.34,
1.32,
1.31,
1.29,
1.27,
1.26,
1.25,
1.24,
1.24,
1.23,
1.22,
1.22,
1.23,
1.24,
1.24,
1.25,
1.26,
1.27,
1.28,
1.30,
1.31,
1.34,
1.36,
1.38,
1.40,
1.41,
1.43,
1.45,
1.47,
1.49,
1.51,
1.52,
1.54,
1.54,
1.55,
1.55,
1.56,
1.57,
1.57,
1.56,
1.55,
1.54,
0.00,
-1
,
-1
,
1.52,
1.54,
1.56,
1.58,
1.59,
1.61,
1.63,
1.64,
1.65,
1.66,
1.66,
1.67,
1.67,
1.66,
1.66,
1.65,
1.64,
1.63,
1.62,
1.61,
1.60,
1.58,
1.56,
1.53,
1.51,
1.49,
1.47,
1.45,
1.43,
1.41,
1.39,
1.37,
1.35,
1.33,
1.31,
1.30,
1.30,
1.29,
1.28,
1.28,
1.28,
1.28,
1.29,
1.29,
1.30,
1.30,
1.31,
1.32,
1.34,
1.36,
1.38,
1.41,
1.43,
1.45,
1.47,
1.48,
1.50,
1.52,
1.54,
1.56,
1.58,
1.59,
1.60,
1.61,
1.62,
1.62,
1.62,
1.62,
1.62,
1.61,
1.60,
1.59,
1.59,
1.58,
1.57,
1.55,
1.53,
1.51,
1.48,
1.46,
1.44,
1.42,
1.40,
1.38,
1.36,
1.34,
1.32,
1.30,
1.29,
1.27,
1.27,
1.26,
1.25,
1.24,
1.24,
1.24,
1.24,
1.25,
1.26,
0.00,
-1
,
-1
,
1.45,
1.43,
1.41,
1.39,
1.37,
1.35,
1.33,
1.32,
1.31,
1.30,
1.30,
1.29,
1.29,
1.29,
1.29,
1.30,
1.30,
1.31,
1.31,
1.33,
1.34,
1.35,
1.38,
1.40,
1.42,
1.45,
1.46,
1.48,
1.50,
1.52,
1.54,
1.55,
1.57,
1.58,
1.60,
1.61,
1.61,
1.62,
1.63,
1.63,
1.63,
1.62,
1.61,
1.60,
1.60,
1.59,
1.58,
1.56,
1.54,
1.52,
1.50,
1.47,
1.45,
1.43,
1.41,
1.40,
